desc;label
Przeniknął mnie jesienny chłód,;dżem
Skąd tu ta plama tłusta;wodecki
W codziennej żegludze;wodecki
I gdzie indziej też! (też);wodecki
Już dość, dość, dość;dżem
Był dzień, było jasne słońce;dżem
Utopiłem żal w kieliszku;dżem
i klaruj wina swe!;wodecki
Zaczynam bywać głośny zbyt;wodecki
a dojdziesz tam, gdzie chcesz!;wodecki
W pasjansie zamiast damy król;wodecki
a jedynym przyjacielem pigułki białe dwie;dżem
Człowieku co się z Toba dzieje,;dżem
W daleki, piękny świat (w daleki świat);wodecki
Wyciągnął dyszel Wielki Wóz,;dżem
Spod gór;wodecki
Bo dżem to jest blues;dżem
Daruj sobie miód;dżem
znaj kwiatów woń,;wodecki
Czasie, dlaczego mijasz;wodecki
Małżeńskie obowiązki,;wodecki
Nikt nie nadejdzie, a Ty pewnie,;dżem
Nie widziałeś, nie widziałeś, a chcesz już iść;dżem
Przeżyć nie mogła, że ją Ignac wygnał;wodecki
Chwytaj dzień,;wodecki
Dowcip śmieszny do łez;wodecki
Basia, Basia, Basia, Basia, Basia, Basia, Baś...;wodecki
Pamiętam jak dzisiaj: cudowny był lipiec;wodecki
I marzenia blask;dżem
Bo nie sposób mnie nie poczuć;dżem
I niczego nie brak: złotych wspomnień, ciepła słów;wodecki
Bądź przyjacielem swym,;dżem
Boże pomóż mi,;dżem
Martwo śpi;wodecki
W białej sukni staną sady jeszcze raz;wodecki
Dwie kobiety pragną mnie;dżem
Jest dźwięk w harmonii dnia,;wodecki
wróci do łask,;wodecki
A to, co zwie się kres;wodecki
tuż za mną cień, jak odnaleźć się;dżem
co z Olimpu zszedł?;wodecki
Mam przecież na papierze;wodecki
Abym został na dłużej gdzieś.;dżem
By zapomnieć, że chcesz;wodecki
Kłótnie zmieniasz w letni miód;wodecki
Afryka dzika dawno odkryta;wodecki
Może ktoś poratuje mnie,;dżem
Dość że w głowie, w głowie został głos...;dżem
Sfuszerował mnie ten czas... no cóż;wodecki
do babci spieszy kapturek;wodecki
A zaczniesz na nowo...;dżem
Więc zanim ławki obsiądzie liści wielobarwna cyganeria;wodecki
Czemu zwiastujesz rozstania;wodecki
Żona zostawiła mnie;dżem
Wszystko jest naprawdę jak trzeba;wodecki
Kiedy ciemny wiatr;dżem
Zimno mi, zimno mi i forsy brak,;dżem
Chwytaj dzień,;wodecki
Pędzi tak, jakby wpadł w jakiś trans.;wodecki
a mogłem dać tylko chwilę;dżem
I tak to trwało, aż wreszcie się stało;wodecki
Ześle sen powolny nam jak pieśń bez słów;wodecki
Vanno a fermare una pioggia d'argento;wodecki
Nakładasz lat makijaż;wodecki
i z głębi chmur;wodecki
Na starym pasku wyostrzyła brzytwę;wodecki
Albo być, albo mieć...;dżem
Szkoda że nie jest tak;dżem
Siedzę na ławce mego rancza,;dżem
A być może, gdy zobaczysz właśnie je;dżem
Dokładnie nie wiem - tak bez centymetra -;wodecki
budzi się.;wodecki
Saraceński to miecz.;wodecki
13-ty piątek, czarny kot;wodecki
I była miłość i była zgoda,;dżem
Sny ma niespokojne,;wodecki
Boże daj mu dom, cichy kąt.;dżem
Niech płoną serca i oczy Wasze niech;dżem
Nie mogę tak odejść, gdy kusi mnie grzech,;dżem
Powoli szli.;wodecki
Cały ten świat nie znaczy nic a nic...;dżem
Zamknięte sklepy i kawiarnie,;dżem
Daruj sobie miód;dżem
Nie do wiary miał być pech;wodecki
wtedy to właśnie;dżem
Przegrywa co dzień;dżem
Tak wzdłuż i wszerz...;wodecki
Chodzenie po ścianach,;dżem
Tutti i colori dell'arcobaleno;wodecki
To nie ja;wodecki
Powiedział Pan, powiedział Pan:;dżem
Komu czarna nić;wodecki
Adrenaliny czuję skok;dżem
który raz na sto lat;wodecki
Tak wzdłuż i wszerz...;wodecki
nieznaczący nic szary sen i kolorowe;dżem
Uciszyłem myśli teraz ja;dżem
Miałem własną żonę i dom,;dżem
ani kwiat lotosu, wielki deszcz kokosów, złotych jabłek wór,;wodecki
- Nie spodziewałem się, że ta dziewczyna;wodecki
- Dobranoc! już uciekłaś i drzwi chcesz zatrzasnąć.;wodecki
mógłbym to namalować;dżem
przebiegł mi;dżem
A on był łajdak - starszy już mężczyzna;wodecki
Prawdę musisz znać i ty:;dżem
nad Dzieciątka snem.;wodecki
Bowiem tak to jest;wodecki
jak myśli me o Tobie;dżem
muszę przecież wolnym być;dżem
Dlaczego tak...?;dżem
prawdzie patrzeć w twarz;dżem
Tracę już wiarę, zostać czy nie;dżem
Gdzie wiatr posiał;wodecki
Onieśmielony tak,;dżem
Nigdy nie jest tak źle;wodecki
Że to był tylko zły sen.;dżem
dzisiaj to wiem no i prawdę znam;dżem
Zabierając talię kart;dżem
Chałupy welcome to sun of Yamaica blues;wodecki
Leżę obok pełen wstydu, krótki to był zryw,;dżem
To szansa dla twych cnót;wodecki
Nasz ląd i nasz dom;wodecki
nad Dzieciątka snem,;wodecki
La la la, la la la la la la la la;wodecki
Może są jeszcze;wodecki
Nakładasz lat makijaż;wodecki
Ile jeszcze ta tułaczka może trwać?;dżem
które nosiłem przez tyle lat;dżem
Słońca dwa;wodecki
Bez dwóch zdań;dżem
nawet nie wiesz jak,;dżem
Chałupy welcome to Bahama mama luz;wodecki
Że klęska każda i cios;wodecki
Telewizor krzesła drzwi;dżem
zobaczę to co się śni;dżem
na swą własną drogę;dżem
Tę właśnie bajeczkę ci szepcze do uszka;wodecki
Co czeka gdzieś od lat (czeka gdzieś od lat);wodecki
Tutaj nie, nie jest źle;dżem
Coraz bliżej brzeg;wodecki
Jeszcze kółko różańcowe;dżem
i radość czuj -;wodecki
Daj mu dom, daj mu dom,;dżem
w oczach łzy i lęk;dżem
To ostra jazda, żaden kit;dżem
miłości twej, miłości pragnąc twej!;wodecki
Nie patrz w tył, nie czas;wodecki
Na twoim karku zły los;wodecki
Oto już ucichła wrzawa,;wodecki
Skoro czas zatrzymał się - co może się stać;dżem
właśnie ten co drogę zabiegł mi;dżem
Zbyt groźny miła znaków splot;wodecki
Miss Natura wybierać;wodecki
Mmmmm Mmmmmmmmmm...;dżem
Chałupy welcome to Bahama mama luz;wodecki
W czuprynie wierzby pierwszy siwy włos;wodecki
Na obcy ląd (na obcy ląd), nieznany ląd;wodecki
Może słońcu było wstyd, a noc głęboka jak bas;wodecki
Afryka dzika dawno odkryta;wodecki
Wino za kotarą,;wodecki
Jedynie nikt wolności ci nie sprzeda.;dżem
Co spotkać Cię może,;dżem
i że dobrze 2x było mi z nią;dżem
Pędzący tłum mija Cię, powietrzem jakbyś był.;dżem
Pozwalasz nam samotnieć?;wodecki
A o czym? O ptaszku, co zgubił trzy piórka;wodecki
Zaraz już zacznę - zacznę już za chwilę;wodecki
Nie słuchałem nigdy ojca,;dżem
Czemu usłyszałem dzwonek u moich drzwi;dżem
że nigdy już;dżem
I znów pada deszcz;wodecki
A pod ręką tę rzecz!;wodecki
czule z dala spoziera, miłości pragnąc twej,;wodecki
Basia, Basia, Basia, Basia, Basia, Basia, Baś...;wodecki
we włosach Twych, we włosach Twych;dżem
Bądź przyjacielem swym,;dżem
Będzie tak nie raz;wodecki
W daleki, piękny świat (w daleki świat);wodecki
Przydałby się z lamusa;wodecki
Boże mój, Boże, ratuj mnie!;dżem
I żyjcie w zgodzie,;dżem
Nauczyć się żyć;dżem
Afryka dzika dawno odkryta;wodecki
A ty śmiejesz się znów;dżem
Żyje się po to żeby jeździć;dżem
zimna tak jak sztylec lodu;dżem
odkupienie win,;wodecki
Przepłynąć rzeki wpław (przepłynąć wpław);wodecki
wciąż się gra;wodecki
Obłęd w moim sercu,;dżem
Ale tej cechy nikt w niej nie dostrzegał;wodecki
Tam żeglugi kres;wodecki
Staniecie w krzyżu dróg;wodecki
Mmmmm Mmmmmmmmmm...;dżem
raz przynajmniej na swą szansę;dżem
W najtkliwszym geście śle;wodecki
Nie wiem i nie chcę;dżem
(Dogłębnie);wodecki
Znów popłynęły nasze wspomnienia;dżem
Dziś już wielu śmieje się.;dżem
Zamienić chociaż kilka słów,;dżem
Myśli złych;dżem
Jutro odważę się ten pierwszy raz.;dżem
Do diabła ja bym wiedzieć chciał;wodecki
Suchych łez;wodecki
odkupienie win.;wodecki
Tak niewiele było trzeba,;dżem
A ty;dżem
Ciao, ciao, Bambino, twój czas już minął,;wodecki
Opadnie aby znów;wodecki
Mogły wracać do swych starych gniazd;wodecki
Życie swe zamienił w deliryczny sen;dżem
Cień czekał vis-a-vis.;wodecki
Duży Jaś i Małgosia mają już prawdziwy dom;wodecki
Deszcz zaczął lekko kropić znów.;dżem
Nigdy nie znają łez. Nie znają łez.;dżem
tylko coraz więcej goryczy niesie czas;dżem
Deszcz się posmuci nocą,;wodecki
Wychodzę z budki wolnym krokiem,;dżem
Siaba, Siaba, Siaba, Siaba, Siaba, Siaba, Sia...;wodecki
Może być najlepszą z Twoich chwil...;dżem
I uciec stąd, i uciec stąd;wodecki
Na nowo żyć...;dżem
Znam meritum sprawy,;wodecki
I tak jak przed rokiem cudowny był lipiec;wodecki
Jak staw pełen łez;wodecki
kto wie?;wodecki
Czasie, dlaczego mijasz;wodecki
Tutti colori del'arte carmelo!;wodecki
wspominam dawnych rytmów czas.;dżem
Nakręcą mnie!;dżem
I upiekli ptaki!;dżem
Zamiast ojca, matki skład przedmiotów masz.;dżem
bo czegoś nam, czegoś nam brak;dżem
Basia, Basia, Basia, popatrz, co dla ciebie mam.;wodecki
Kto popłynie gdzieś na dywanie;wodecki
Że wciąż pada deszcz;wodecki
Boże spraw, bym zobaczyć mógł jakiś znak;dżem
będzie stale nad czołem lśnić,;wodecki
Kupią Ci zabawkę, gdy egzamin zdasz.;dżem
Straszną balladę o pewnej dziewczynie;wodecki
Nigdy nie jest tak źle;wodecki
Strach miła wyjść do miasta;wodecki
O wiem, jak się bałaś.;dżem
Dobrze wiem o tym, lecz.;wodecki
bierze parasol i okulary;wodecki
Przecież - kocham;wodecki
Mogłem wszystko mieć, każdy dom, każdą furę;dżem
Żona zostawiła mnie;dżem
nie pytaj, proszę, czemu tak jest.;wodecki
Dookoła ludzi szum;dżem
Przed tobą długa droga;dżem
Skąd uciekłaś - nie wiem, w ten koszmarny dzień;dżem
kto z miejscowych nie zna kto,;dżem
Nad czym bolała nieraz Imogena.;wodecki
aby czuć życia smak.;wodecki
W zastaw dałem jedyne palto,;dżem
Zamarł tłum, serce strach przenika…;wodecki
Zarobiłem szmal i stałem się królem;dżem
Najlepszą z Twoich chwil;dżem
i wstanie dzień.;wodecki
Że drzemie we mnie zwierzę;wodecki
Gryzą palce bezsilni;wodecki
Horacy radził tak:;wodecki
W labiryncie ulic...;dżem
Kogo spotka sam Pan Bóg stary,;wodecki
Ten żar zdawał się bez końca być;dżem
płakaliśmy tuląc wspomnienie;dżem
Basia, Basia, Basia, popatrz, co dla ciebie mam.;wodecki
Przed tobą długa droga;dżem
Tam zawsze brak, tam zawsze brak,;dżem
Bo w maju tak mnie bierze,;wodecki
z niepotrzebnym snem;dżem
jednak ze swej listy nie skreślaj mnie,;dżem
Albo snem, jeśli tak chcesz;wodecki
kolorów, które można użyć;dżem
Nie wiem jak mam to zrobić, by mężczyzną się stać,;dżem
Może kiedyś da mi szansę, spróbować jeszcze raz,;dżem
Ta dziewczyna, którą miałem,;dżem
Płynie krew;wodecki
Basia, Basia, Basia, Basia, Basia, Basia, Baś...;wodecki
znów przerwę w życiorysie wam;dżem
Między czernią a bielą;wodecki
Chałupy welcome to sun of Yamaica blues;wodecki
Czasie, dlaczego odchodzisz;wodecki
I ukryć stara się to, co łka;wodecki
Za wszystkie lata wykrzyczę w twarz;dżem
Albo być, albo mieć;dżem
choćby znad Tybru - Bambino wróć!!!;wodecki
wspomnieniem drogim?;wodecki
Od trzech lat już jestem sam;dżem
Coś nie chce zabrzmieć ani rusz;wodecki
delikatnych, czystych tak;dżem
Albo być, albo mieć;dżem
Nie zaskoczy cię nic;wodecki
Miała w ramionach gdzieś półtora metra;wodecki
Zerwałem z tym, co przeszkadza mi wierzyć;dżem
i chociaż pragnę, nie uwierzę;dżem
Więc cóż, że już zmierzch;wodecki
W nas, w nas, w nas;dżem
Kupią Ci zabawkę, gdy egzamin zdasz.;dżem
Wszyscy go znali, wiedzieli o tym, że;dżem
zbudź się;wodecki
Na obcy ląd (na obcy ląd), nieznany ląd;wodecki
Kocham Cię, już wiem;dżem
Jak inni;dżem
Odtąd noc;dżem
To był najpiękniejszy sen;dżem
kiedy tak blisko obok siebie;dżem
A jutro niesie nadzieję i;dżem
Opatrunek z gipsu,;wodecki
gdy zobaczę, że;wodecki
Chwila, która trwa;dżem
Coraz bliżej brzeg;wodecki
Byłem tego świata marnym szczurem;dżem
Miałem dokąd iść;dżem
widziałem miłość i rozpacz;dżem
zastanów się;dżem
Pomnij, że piękne dziewczę w chwili tej;wodecki
By zapomnieć, że chcesz;wodecki
A wokół dziewczyny podobne do skrzypiec;wodecki
Ale pogubiłem się...;dżem
I wszyscy święci pomaszerują do nieba;wodecki
Ta magnezja, która zawsze we mnie lśni;wodecki
Cichy kąt.;dżem
Mała;dżem
Basia, Basia, Basia, popatrz, co dla ciebie mam.;wodecki
Los bywał mi łaskawy,;wodecki
Już wszystko;wodecki
Która, niestety, już od urodzenia;wodecki
Dlaczego uciekasz jak złodziej;wodecki
Każdy Kocha tak jak chce.;dżem
z całej siły go łap!;wodecki
No aby mieć!;dżem
Trochę piekła, trochę nieba;dżem
Po co nam deszcz? -;wodecki
Twa tęsknota już śpi;wodecki
Powiem Ci, na ciężkie czasy;wodecki
Nad morzem, tuż przy niej, podobnej altówce;wodecki
raz-dwa!;wodecki
może za krótko, nie wiem sam;dżem
Ach, uciec stąd, ach, uciec stąd;wodecki
No abym mógł przed siebie iść.;dżem
więcej zrobić nie mogę;dżem
chcę pogadać znów;dżem
Boże daj, daj mu dom, cichy kąt.;dżem
Tak to Twój ojciec pijany miotał przekleństw grad;dżem
Tobie też, tobie też;wodecki
Na co Tobie, na co Ci ten żal?;dżem
Basia, Basia, Basia, popatrz, co dla ciebie mam.;wodecki
By powiedzieć, że wiesz;wodecki
Odtąd noc, tu jest długi;dżem
Zawsze gdzieś spóźniony jestem...;dżem
A przy tym nas poganiasz?;wodecki
Ludzie podali sobie noże zamiast rąk;dżem
Włoski kolego, ja ciebie prego,;wodecki
La la la, la la la la la la la la...;wodecki
I coraz częściej w słotne dni;wodecki
Żeby umieć żyć;dżem
Żyj z całych sił;dżem
i spróbuj wejść na szczyt.;wodecki
Rajderów raj po życia kres;dżem
Ognia blask;wodecki
nasz zegar lewą nogą wstał;wodecki
Muszę mieć, muszę ją mieć.;dżem
Znajdź się, gdzie chcesz;wodecki
Będziesz słońcem -;wodecki
Będzie lepiej, gdy pójdę, nie chcę patrzyć jej w twarz,;dżem
I wiecznym cierpieniem;dżem
Muszę przecież wolnym być, abym mógł,;dżem
Opowieść jaki miałem być;wodecki
o.. zły sen;dżem
Bez znieczulenia;dżem
Goni nas;dżem
Odtąd wyłącznie już o zemście marzy;wodecki
wielkości gór,;wodecki
są jak poszum wiatru;dżem
pozostawiam tylko Tobie;dżem
Czasie, dlaczego odchodzisz;wodecki
Niech się stanie sen...;dżem
Jak kot miękko wyskoczyła;dżem
Szepcze do uszka...;wodecki
Czasie, dlaczego mijasz;wodecki
A chciałbym iść na piwo i do kina;dżem
czegoś żal...;dżem
Przed snem jeszcze bajkę do uszka, do uszka;wodecki
Nie mam wielu zalet i wielu wad;dżem
Dla nas przecież ten;dżem
Bo w maju tak mnie bierze,;wodecki
to nie jest grzech,;dżem
Na swej maszynie, dokąd mkniesz?;dżem
Rozmienić forsy nie ma gdzie,;dżem
A pod ręką tę rzecz.;wodecki
Mille violini suonati dal vento;wodecki
Znów się będą rozbierać;wodecki
świadkami byliśmy jak padło świata pół;dżem
Jeszcze dokoła echo Twych słów,;dżem
Na Pocztę Główną ledwo to doniosła;wodecki
To niespełniony sen;dżem
Człowieku co się z Tobą dzieje;dżem
Więc czartów spęd jest dzisiaj;wodecki
Nim się w nas poruszył lew;wodecki
La la la la la la la, la la la la la la la;wodecki
Wszystko to, czego chcesz...;dżem
Podobnych do skrzypiec lub też do altówek;wodecki
Włożyła głowę - zrobiła przesyłkę;wodecki
bujam się i broda rośnie mi;dżem
Jak na deszczu łza;dżem
pokój sobą nieść;dżem
I grzęźniemy w smudze cienia;wodecki
Strach ma tak wielkie oczy, wokół ciemno jest,;dżem
Śnieg jak młodej panny tren;wodecki
A Ty spaliłaś ciasto;wodecki
I to niezły zwierz!;wodecki
Kto mnie pozostawił tu;dżem
Magiczna droga 66;dżem
Z tego wszystkiego jeszcze bardziej zbrzydła;wodecki
Ulic mrok, place też;wodecki
Kto wie?;dżem
Amore mia - mijasz i ty...;wodecki
W codziennej żegludze;wodecki
Bo tylko ta cisza;dżem
(No wiesz, wiesz, wiesz, wiesz, wiesz);wodecki
niesie dziś całemu światu;wodecki
w prawdę i fałsz, zerwałem z tym;dżem
co łagodne, co pogodne, co ci w duszy gra!;wodecki
To w domu szlocha, to w domu szlocha.;dżem
Coraz bliżej brzeg;wodecki
Księżyc blado świeci,;wodecki
Mieć kogoś;wodecki
I tylko wyblakł ten nasz szyld;wodecki
Spłoszone słowa;wodecki
Chociaż puste mam kieszenie,;dżem
Że coś nie wyszło im;wodecki
A może on był właśnie;wodecki
Parę godzin z życia diabli wzięli mi;dżem
Ale ja już byłem tam;dżem
(No wiesz);wodecki
Bo nie mogła tego znieść;dżem
za wzór,;wodecki
Małe święto i mały bal - za grosz.;dżem
Chwytaj dzień,;wodecki
Dobranoc! niech cię serce pokojem zasili.;wodecki
Małżeńskie obowiązki,;wodecki
13-ty piątek, czarny kot;wodecki
Boże daj mu dom, mama jak z obrazka,;dżem
Ześle sen powolny nam jak pieśń bez słów;wodecki
Będziesz słońcem -;wodecki
Tam czarny chleb, tam czarny chleb,;dżem
jedno słowo, cichy szept;dżem
Zawsze chodziła ubrana na biało;wodecki
Każdy był wolny, wolny był każdy ptak.;dżem
Śmiejesz się znów;dżem
Wokoło ani żywej duszy,;dżem
Dobry sprzyja wiatr;wodecki
Kiedyś - nie jeden raz.;wodecki
Dobry sprzyja wiatr;wodecki
Co czeka gdzieś od lat (czeka gdzieś od lat);wodecki
A więc! Do boju! A więc! A więc! Aaa!;wodecki
Wybacz Boże, dotknij mnie dłonią swą..;dżem
Może się napiję jeszcze;dżem
Mam już tego dość, cholerny świat;dżem
Teraz jestem cieniem cienia;dżem
niewinna nie nie;dżem
Z lewy tyż dobrze znam.;wodecki
nie skreślaj mnie;dżem
Niech dźwięk zostanie jakiś cichy i uroczy,;wodecki
byłaś całkiem naga;dżem
Kombinuję co by tu;dżem
Goni nas;dżem
Nie da się;wodecki
Żona wręcz;dżem
Jestem sobą dzięki Tobie.;wodecki
Tak niewiele było trzeba;dżem
Miałem dokąd iść;dżem
Myślami często jestem przy niej;dżem
Ale pogubiłem się,choć tak blisko był mój cel;dżem
Tam, gdzie chcesz!;wodecki
A ludzie pędzą jakby świat za chwilę zniknąć miał.;dżem
zasługuje każdy z nas;dżem
W końcu się biedne dziewczę zakochało;wodecki
Chałupy welcome to sun of Yamaica blues;wodecki
La la la, la la la la la;wodecki
Cień czekał vis-a-vis.;wodecki
Ktoś czeka na twój znak;wodecki
Albo być, albo mieć;dżem
Na krótki spacer wyjdzie z psem,;dżem
Żadnej monety nie mam w niej,;dżem
Ja już nigdy się nie zmienię,;dżem
Wybierze nowy szlak;wodecki
Księżyc blado świeci,;wodecki
chyba wysoki chudy Murzyn,;dżem
jest twój.;wodecki
dziki płowy kot;dżem
Byłaś dobra zawsze dla mnie.;wodecki
Daj pierś mi ucałować. - Dobranoc! zapięta.;wodecki
Dobranoc, powtarzając, nie dałbym ci zasnąć.;wodecki
Chociaż puste mam kieszenie,;dżem
Bez niepotrzebnych niespełnienia;dżem
ciesz się chwilą i żyj!;wodecki
Śmiało, do boju, torero,;wodecki
Pod koniec dnia;dżem
Chałupy welcome to!;wodecki
Znów brzask;wodecki
Potem z tobą na trawę;dżem
Zaraz jak tylko spostrzegł co się święci;wodecki
nienapisany, jedyny wiersz;dżem
czuwa sama uśmiechnięta;wodecki
Wtedy las się rozanieli;wodecki
Chcę Ci coś opowiedzieć;dżem
Dla nas przecież te nieznaczące nic;dżem
głód i chłód obudziły mnie;dżem
Komu niebo, jak wielka czapa;wodecki
Poza tym trzeba dodać, że panienka;wodecki
Zostać tu czy nie;dżem
Ciężkie jest powietrze;dżem
przed siebie gna, swój ślad spienioną znacząc krwią.;wodecki
Może zostali gdzieś;wodecki
ojca matkę i rodziny smak,;dżem
W żegludze ku portom;wodecki
W pobliskim sklepie wyprosiła skrzynkę;wodecki
Mnie już to nie łechce,;wodecki
Przemijamy, przechodzimy;wodecki
Czasie, dlaczego mijasz;wodecki
La la la, la la la la la la la la;wodecki
Ci tekstylni nudziarze;wodecki
Cienka zupa, tanie wino;dżem
Daruj sobie miód;dżem
Horacy radził tak,;wodecki
chyba zwariowałem, znowu nie przyszedł nikt;dżem
Napisać mógłbym wiersz;dżem
Najlepszą z Twoich chwil;dżem
Mała suko, tylko o tym milcz, co tatuś zrobił Ci!;dżem
To ostra jazda, żaden kit;dżem
Czerwony jak cegła, rozgrzany jak piec,;dżem
Kto choć jeden kupi dziś?;dżem
Jeszcze rosną tam;wodecki
złamać strach, złamać wstyd!;dżem
- Ja, Imogeno, niestety nie mogę...;wodecki
za następnym rogiem?;wodecki
Tak bardzo chciałbym Cię usłyszeć,;dżem
Już i tak za dużo czasu tracę na sen;dżem
zastanów się..;dżem
Strach już z domu wyjść;wodecki
Uprzejmie, cichutko;wodecki
Byłaś w moim śnie;dżem
I wiary miałem mniej...;dżem
Zawsze warto być człowiekiem,;dżem
Daj mu dom, cichy kąt,;dżem
czule z dala spoziera, miłości pragnąc twej,;wodecki
Dobry świt nie budzi już tak wcześnie nas;wodecki
Zostać tu czy nie;dżem
Muszę mieć, muszę ją mieć,;dżem
Nie do wiary miał być pech;wodecki
Gdy już zapada zmierzch (zapada zmierzch);wodecki
Trudno mi się zgodzić z tym;wodecki
pokój niesie ludziom wszem,;wodecki
moją szansą był;dżem
nie wiedząc, nie;dżem
To przegrasz ją w pokera.;dżem
wspomnienia zwyczajne tak,;dżem
A przy tym nas poganiasz?;wodecki
Też swą maszynom robią test;dżem
który uwielbi imię Twoje;dżem
i z głębi chmur;wodecki
Bo już nigdy się nie zmienię,;dżem
Ilu nas tutaj wszystkich jest...;dżem
I wiewiórka zniczem rdzawym;wodecki
i z głębi chmur;wodecki
W stronę ciszy;wodecki
Tak bardzo drażni mnie (tak bardzo drażni mnie);wodecki
Pan wielkiego majestatu;wodecki
Słodki dom z piernika;wodecki
Blues Alabama, Alabama;dżem
Kiedy ciemny wiatr;dżem
Tam czarny chleb, tam czarny chleb smakuje,;dżem
Tyle dni, tyle lat była w nas;wodecki
Myśleć mi się nie chce;dżem
bujam się i broda rośnie mi;dżem
Siedzisz sam na ławce tej, poezji czytasz tom,;dżem
Wielkim ogniem berberysy;wodecki
Muszę mieć, muszę ją mieć x4;dżem
Co poradzić na to mam;dżem
Dla żółtych dziobów stu;wodecki
I boleśnie mi się zaraz robi wstyd;wodecki
wiatr pokłoni.;wodecki
Chałupy welcome to Bahama mama luz;wodecki
ukryć ciężko tak,;dżem
mijali drzwi.;wodecki
Uprzejmie, cichutko;wodecki
no bo szukałem tam Ciebie;dżem
Czuję się jak Benjamin i udaję, że śpię,;dżem
Uśpiony w tańcu czas;wodecki
Strzępków wątku babiego lata;wodecki
Chwytaj dzień,;wodecki
Na świat;wodecki
Widzisz, jesień, którą lubisz tak, naprawdę się zbliża;wodecki
Gdy ktoś przy mnie jest, może ty?;wodecki
Tutaj naprawdę nie jest tak źle;dżem
Basia, Basia, Basia, popatrz, co dla ciebie mam.;wodecki
Przed wiosną, przed latem, przed wiecznością;wodecki
twój wstaje świt,;wodecki
Czy jutro znowu się spotkamy;dżem
czegoś nam tu brak, czegoś nam tu brak;dżem
Oto malarz dziwny, który bywał tu;dżem
Że nie obrósł jakoś ciałem mit;wodecki
Basia, Basia, Basia, popatrz, co dla ciebie mam.;wodecki
Tylko Twa wiara pomoże Ci;dżem
Trudno zdusić ją,;dżem
Zarobiłem szmal i stałem się królem;dżem
Jesiennym pokropiony deszczem,;dżem
Przed nami nasz świat;wodecki
w tysiąc i pierwszą noc,;wodecki
Gdy zaczyna się upał;wodecki
Każdy dzień by inny był, lecz taki sam;dżem
cholernie zimno tym, którzy wędrują sami;dżem
Już niektórzy oglądają się niechętnie;dżem
nie zawsze całkiem dobrych;dżem
Znowu nie pamiętam nic;dżem
Słychać wielki szum;wodecki
Ciao, amore!;wodecki
Nie oglądaj się wstecz, o nie.;dżem
Wybacz Boże,;dżem
Jak rozpędzić dzikusy;wodecki
Może już nowe dziary szyć;dżem
Kochać wszystkich ludzi i pokój z sobą nieść.;dżem
I w powodzi słów;dżem
Komu niebo, jak wielka czapa;wodecki
że to tylko był , to był tylko zły sen;dżem
Wiem, że to jeszcze za mało, aby ciebie mieć,;dżem
Teraz jestem cieniem cienia;dżem
Nie kochaj się w przedmiotach,;wodecki
Hanno stembare la pioggia l'argento!;wodecki
Czemu nie jest tak;dżem
Hej, bracie w skóry obleczony;dżem
tam na detoxie musisz walczyć sam;dżem
Czasie, dlaczego odchodzisz;wodecki
wzbiła się kurzawa – dziki zwierz wypadł zza krat!;wodecki
Tam wszystko masz co trzeba,;dżem
Niech będzie tak;dżem
Jej oczy, jej usta, jej piersi, jej uda;wodecki
To nie ja;wodecki
Spotkajmy się;wodecki
Kłótnie zmieniasz w letni miód;wodecki
Już wstaje blask;wodecki
Chociaż raz, jeden raz;dżem
Karmiony pogardą i rzuconym groszem,;dżem
I z nocy zrobisz dzień;dżem
Potrząsa łbem ta bestia dzika,;wodecki
Ciao!!! Ciao!!! Ciao!!! Amore, ciao!;wodecki
Gdy śpiewam ten kuplecik,;wodecki
Prawdę musisz znać i ty:;dżem
Dlaczego już nie cieszy to, co cieszyło nas;dżem
Opadnie aby znów;wodecki
Przy ołtarzu w głównej nawie ciepłe miejsce;dżem
Gdy stare z nowym toczy bój;wodecki
Dobranoc! już dziś więcej nie będziem bawili,;wodecki
Już wszystko;wodecki
Zawsze cię za rękę trzyma;dżem
w sercach mróz, słychać ludzi wokół;dżem
La la la la la la la, la la la la la la la;wodecki
Przyjaciel zawiódł i zniknął we mgle.;dżem
Może w jesienny, mokry wieczór,;dżem
Pamiętać, zapomnieć, śmiać się czy grać;dżem
Pozwalasz nam samotnieć?;wodecki
A przy tym nas poganiasz?;wodecki
schodzi zwiedzać świat;wodecki
będzie stale nad czołem lśnić,;wodecki
W szalonym tempie trzeba żyć,;dżem
W babiego lata sieć porwało westchnienie;wodecki
Gdy już zapada zmierzch;wodecki
Czas przenosi nas z afiszy;wodecki
Podzielone na pół: radość, ból;wodecki
Zaufaj mi;dżem
dziś sentymentów nadszedł dzień;dżem
kiedyś przecież zapomnę, że;dżem
La la la, la la la la la la la la;wodecki
Może być najlepszą z Twoich chwil...;dżem
Nigdy nie jest tak źle;wodecki
Któż tajemnice ich;wodecki
Apoteozę świata w domu sobie zrób;wodecki
Czas by uczesać lasu gęsty cień;wodecki
Że drzemie we mnie zwierzę;wodecki
Kumpel zdradził mnie nie jeden;dżem
Nic nie znaczę;dżem
przeraziła się;dżem
Wiesz, kiedyś zabłądziłem w snach;dżem
By móc zaufać komuś;wodecki
Co zarobię zaraz gram;dżem
Na stole sól i plama tłusta;wodecki
I ona - urodą podobna do skrzypiec;wodecki
milczę wciąż.;dżem
Teren bardzo grząski,;wodecki
Więc urażony po sam szczyt;wodecki
Został jeszcze nadziei cień,;dżem
Chyba walnę kilka drinków, może nakręcą mnie,;dżem
Ty chwycisz mnie za rękę;dżem
Ta noc i rozlała się;dżem
Dlaczego kochamy się tylko w snach;dżem
Że świat straci mnie;dżem
czegoś brak, czegoś brak;dżem
Znów jestem sam, tak potwornie sam,;dżem
Czasie, dlaczego mijasz;wodecki
Być może blisko tuż, tuż;wodecki
Teren bardzo grząski,;wodecki
Spotkam cię znów;dżem
Łóżko krzesło płyty dwie.;dżem
Ten ktoś jest, z tobą jest;wodecki
Gdzie łąki jak ze snów;dżem
ukryć ciężko tak,;dżem
(Nie słuchać zgiełku, którym wrze);wodecki
Że w tym właśnie sens;dżem
kto z miejscowych nie zna kto,;dżem
I oto już po chwili tężeje w chłodzie;wodecki
z Panem Bogiem,;wodecki
Daj jedną szansę mi;dżem
Nakładasz lat makijaż;wodecki
A jutro niesie nadzieję i;dżem
Nie chcę myśleć ile tego uzbierało się;dżem
Czerwony jak cegła, rozgrzany jak piec,;dżem
I pęknie zaraz na dwa, na dwa;wodecki
Ja to wiem;dżem
gdy mylę się,;wodecki
Z wielkich świateł w stronę zimy;wodecki
Uciszyłem serce teraz ja;dżem
Boże daj mu dom, cichy kąt i psa.;dżem
Co by było gdyby tak zatrzymać ten czas;dżem
że wielką szansę mam;dżem
Chałupy welcome to!;wodecki
Zastanów się choć raz: Na co ci ten żal?;dżem
Nie martw się o własny finał;wodecki
właśnie ten;dżem
i klaruj wina swe!;wodecki
Świat jest pełen ludzi takich jak Ty i Ja;dżem
Rajderów raj po życia kres;dżem
Jak długo czekam, sam już nie wiem,;dżem
z tym, co wiązało mnie;dżem
I obrazek za trzy złote w ręku mam;dżem
Zamiast ojca, matki skład przedmiotów masz.;dżem
Ja już się nie zmienię;dżem
nikt już nie, o nikt nie namówi mnie;dżem
Nasze szczęście w nas;wodecki
milczę wciąż,;dżem
siedzę na ławce mego rancza,;dżem
Które nosiłem przez tyle lat.;dżem
(chwyć w mocną dłoń groźną swą broń!);wodecki
I to niezły zwierz!;wodecki
W podskokach poprzez las;wodecki
Mnie, mnie, mnie;dżem
Zatopieni w grząskich drogach;wodecki
Po prostu drażni mnie (tak drażni mnie);wodecki
Wino za kotarą,;wodecki
Mój kwartet smyczkowy narodził się z czasem;wodecki
Każdy kto sprawdził się na szosie;dżem
Bo dżem to jest blues;dżem
Bo nie jesteś sam;dżem
Można spotkać golasa;wodecki
Leżałem rok później na koca połówce;wodecki
Mają swój sens.;dżem
Aż przechodzi dreszcz! (dreszcz);wodecki
Bo dżem to jest blues;dżem
Już nie czuję nic;dżem
Nasze szczęście w nas;wodecki
i spróbuj wejść na szczyt.;wodecki
Jak na deszczu łza;dżem
Jeszcze płoną w mokrej ciszy;wodecki
Teraz z innym jest na stałe,;dżem
Gdzie wszystko idzie gładko, gdzie;dżem
a jednak inaczej;dżem
Zejść na psy!;dżem
wielki Modugno nie śpiewa już.;wodecki
Cicha noc, święta noc,;wodecki
Boże daj dom, Boże daj mu dom.;dżem
Jesienny wieczór szybko zapadł,;dżem
A przy tym nas poganiasz?;wodecki
Brniemy cisi, brniemy wierni;wodecki
I coś;dżem
Spłoszone słowa;wodecki
coraz to głębiej, głębiej do dna;dżem
abym został na dłużej gdzieś;dżem
gdy zapomnę, że;wodecki
Golców cały tłum.;wodecki
Odszedł, a ciało swe pogodził z ptakiem.;dżem
W Twoich oczach słońca dwa;wodecki
Pozwalasz nam samotnieć?;wodecki
To tylko słowa, lecz;dżem
To nie ja;wodecki
Byłaś dobra zawsze dla mnie.;wodecki
Opowie ci szeptem - A kto? A poduszka!;wodecki
Milcząco, bezpowrotnie;wodecki
Ale jedno wiem po latach,;dżem
Obłęd w moim sercu,;dżem
Gdy stare z nowym toczy bój;wodecki
Gdy ktoś przy mnie jest, może ty?;wodecki
Wierzę ciągle, że coś zdarzy się...;dżem
Niech się wreszcie stanie;dżem
Nie martw się o własny finał;wodecki
Bujam się od rana do wieczora;dżem
I gdzie indziej też! (też);wodecki
A przy tym nas poganiasz?;wodecki
Postawi ciężki but;wodecki
czuję zapach Twój, egzotyczny kwiat,;dżem
który raz na sto lat;wodecki
Dalej sam na ławce tej - Ty wiesz:;dżem
Że świat straci mnie;dżem
nie, nie pójdę nigdzie z nią;dżem
Nie holuj smutku za sobą,;dżem
dziś sentymentów nadszedł dzień;dżem
Nie uwierzę, nie uwierzę w cud;dżem
Sen, sen, sen;dżem
Znajdziesz słabość swą i marzenia blask;dżem
W którym noca śnią;wodecki
Że przestała nagle lśnić;wodecki
wiara i siła, by wygrać z tym;dżem
Cichy kąt, cichy kąt,;dżem
Ciao, ciao, Bambino - milczy Marino,;wodecki
Wszystko tu na pokaz, z telewizji świat.;dżem
jedno słowo, a tyle mieści się;dżem
Chodziłbym na piwo i do kina;dżem
Boże daj mu dom, daj mu dom, cichy, cichy kąt.;dżem
w porannej mgle,;wodecki
Potem w białej sukni staną sady jeszcze raz;wodecki
Ciao, ciao, Bambino - milczy Marino,;wodecki
Przemierzyłem ziemię;dżem
duszę swą zaprzedał światu pędzli stu;dżem
Jesteś cudowny lecz uparty,;dżem
(Śmiało, na bój, torero,);wodecki
Zawsze będę żył już tak;dżem
w zastaw dałem jedyne palto;dżem
Naburmuszył, zniknął gniew;wodecki
Nie widziałeś, skręcasz w lewo, chcesz już iść;dżem
Gdy znów braknie słów;wodecki
wspominam dawnych rytmów czas;dżem
Pamiętaj, że;dżem
Za czym gonię tak i co odnaleźć chcę;dżem
odkupienie win,;wodecki
Ja mogłem wszystko mieć, każdy dom, każdą furę;dżem
By późną nocą po niej mknąć;dżem
Złamałem kilka serc.;dżem
Mogę jedynie tutaj czekać,;dżem
Pewnego dnia, pewnego dnia pękło niebo;dżem
nie zawsze całkiem złych;dżem
Albo być, albo mieć;dżem
Już widać go stąd;wodecki
Coraz bliżej brzeg;wodecki
Gdy na gitarze grał Joe Murzyn;dżem
Chałupy welcome to Bahama mama luz;wodecki
Gładzę czule jej ciało, skradam się do jej ust,;dżem
Dookoła ludzi gwar;dżem
Komu czarna nić;wodecki
Basia, Basia, Basia, Basia, Basia, Basia, Baś...;wodecki
Spotykam braci, którzy nocą;dżem
Liryczny szkic;wodecki
Za nimi las;wodecki
Że świat straci mnie;dżem
Nie rozgrzeszy rozłożone Pismo Święte;dżem
Cicha noc, święta noc,;wodecki
Jak co roku w Chałupach;wodecki
Idź zawsze do przodu.;dżem
Dobry świt nie budzi już tak wcześnie nas;wodecki
ale brakuje słów;dżem
Zostać tu czy nie;dżem
Będzie pamiętać o mych imieninach!;wodecki
A to, co zwie się kres;wodecki
Bo w tym cały sens istnienia;dżem
Kłótnie zmieniasz w letni miód;wodecki
potrzebujesz mnie.;wodecki
Diabli mi zrobili żart;dżem
I nie bój się;wodecki
Życie za krótkie jest.;dżem
Bujam się od rana do wieczora;dżem
Głównie - gdy sypia sam!;wodecki
I w powodzi słów;dżem
Chciałem zatrzymać czas na wieczność;dżem
skąd tylko dziki kot;dżem
Dam ci sady pełne wiśni, wszystkie swoje myśli, słońce, śnieg i deszcz;wodecki
Przy tym żonaty i w dodatku Ignac;wodecki
Już ruszam tam gdzie światło;dżem
Teraz jestem cieniem cienia;dżem
W trawie płomyki nagietek i chryzantem;wodecki
Wiem, bowiem mam kochanie,;wodecki
Gdy już pusty jest (pusty jest);wodecki
Pewnie ciężki znów będzie dzień;dżem
jednak ze swej listy nie skreślaj proszę mnie;dżem
Nie powiedziałem ani słowa;dżem
Bo nie mogła tego znieść;dżem
Kogo spotka sam Pan Bóg stary,;wodecki
Chciała w życiu tylko mnie. (teraz);dżem
Sny podróżnika;wodecki
Jak twój i mój dom;wodecki
Kocham Cię, już wiem;dżem
I w katedrze krótka drzemka, parę chwil;dżem
zobaczyć mógł jakiś znak;dżem
w tysiąc i pierwszą noc,;wodecki
Pamiętaj;dżem
Kiedyś przecież zapomnę, że;dżem
Daj mi chleba z dżemem;dżem
Nadlatują stada słów;dżem
Tam żaden zgred, tam żaden zgred,;dżem
poczekaj stary choć jeden dzień;dżem
Nie holuj smutku za sobą,;dżem
Jeszcze wczoraj;dżem
Powoli szli.;wodecki
Choć może głupio to brzmi,;dżem
Na stole rozsypana sól;wodecki
i spróbuj wejść na szczyt.;wodecki
w prawdę i fałsz, kłamstwo i grzech;dżem
jeszcze mam nadziei cień;dżem
lecz jak odnaleźć rym,;dżem
To tylko pretekst, by zerwać się;dżem
I to niezły zwierz!;wodecki
Aż łza się w oku szkli;wodecki
W bezsilnej złości cicho klnę,;dżem
że na jawie to będziesz Ty;dżem
Ten bar;dżem
By w końcu się odważyć i zapukać tam;dżem
Stawali na krótko.;wodecki
Coś się zmieniło;dżem
Tak niewiele brakowało;dżem
Ty chciałabyś by było jak dawniej;dżem
Cierpliwość masz;wodecki
pozdrawia cały świat;wodecki
Jak staw pełen łez (pełen łez);wodecki
Boże pomóż mi,;dżem
O tak, poplątane życie;dżem
Bardzo brutalnie obszedł się z dziewczęciem;wodecki
I odeszła w siną dal;dżem
Wczoraj wieczorem znowu urwał mi się film;dżem
Tam żeglugi kres;wodecki
Ironii czuję smak;dżem
Niech dobry Bóg;dżem
Basia, Basia, Basia, Basia, Basia, Basia, Baś...;wodecki
Zanim się znowu schowasz,;dżem
I już nie wyjdzie nic;wodecki
I w powodzi słów;dżem
Dobranoc! niech odpoczną po łzach twoje oczy,;wodecki
Do rzymskich reguł gry;wodecki
Boże daj dom, daj mu dom.;dżem
Doszła... Ze sznurkiem szarpie się Ignacy;wodecki
Teraz śpij;dżem
A ty;dżem
radości moc ci śle.;wodecki
Pozwalasz nam samotnieć?;wodecki
Zawsze warto być człowiekiem,;dżem
tęsknią do ich dłoni.;wodecki
zamilkli wszyscy w krąg, niejeden z trwogi zbladł.;wodecki
Siaba, Siaba, Siaba, Siaba, Siaba, Sia...;wodecki
Problemy zostaw tym,;dżem
nie odda się,;wodecki
Powoli szli.;wodecki
Milcząco, bezpowrotnie;wodecki
By nieba zwalać z nóg;wodecki
Pozwalasz nam samotnieć?;wodecki
został jeszcze nadziei cień;dżem
Kto na ślubnym kobiercu stanie,;wodecki
Potem powoli, w górę, nie w dół;dżem
Czasie, dlaczego odchodzisz;wodecki
A jak nazywał się ten ptaszek, jak? Przepiórka!;wodecki
Daj mi chleba z dżemem;dżem
Siejąc smutek i zwątpienie;dżem
To przecież nic;wodecki
czy ktoś z was zrozumie to 2x;dżem
na to by sobą być;dżem
Ale jedno wiem po latach;dżem
dotknij mnie dłonią swą;dżem
Zrywam i rzucam precz.;wodecki
Kojarzę się sobie od dziś z kontrabasem;wodecki
Polish Barbados i Galapagos;wodecki
Szukać jej, wierzyć w nią;wodecki
Kto w swym cieniu będzie człapał,;wodecki
I chłód ogarnął wszystkie serca,;dżem
Miałem dokąd iść;dżem
wszystko jak dawniej;dżem
Więc lepiej milcz;dżem
Stada bzdur;dżem
Fizycznie była nieźle rozwinięta;wodecki
A nadzieja to jest;wodecki
weź lepiej je;wodecki
Już powolutku nakręcam się...;dżem
że chociaż jeden raz;dżem
Chałupy welcome to!;wodecki
W labiryncie ulic odnalazłem Cię,;dżem
Buty, pięści, pas,;dżem
Zamknijmy drzwi do domu;wodecki
Sprzedać żeby zagrać znów;dżem
Lecz kiedy w mieście czasem mija ją;wodecki
Już nie będzie cieplej dziś;dżem
Ale nie jest źle, o nie!;dżem
Czy ktoś z Was zrozumie to,;dżem
Polish Barbados i Galapagos;wodecki
Jeszcze wczoraj;dżem
narodził się Boży Syn,;wodecki
Zerwałem z tym, co przeszkadza mi wierzyć;dżem
Na zawsze z Tobą być;dżem
Nie żartuj, żarty się skończyły;dżem
Ukryty w lesie słów;wodecki
I modlitwa zaraz potem;dżem
Niech wiatr głaszcze ci skroń,;wodecki
Ciężkie jest powietrze;dżem
Chałupy welcome to!;wodecki
Daj mi chleba z dżemem;dżem
twój wstaje świt,;wodecki
W sadach płoną jabłka;wodecki
Choć forsa mi wypycha kieszeń,;dżem
Co spotkać Cię może,;dżem
Wchodzę do środka i za chwilę,;dżem
Aż przechodzi dreszcz! (dreszcz);wodecki
Milcząco, bezpowrotnie;wodecki
Znajdziesz słabość swą i marzenia blask;dżem
nie skreślaj mnie;dżem
Kto w swym cieniu będzie człapał,;wodecki
Milcząco, bezpowrotnie;wodecki
Porywa spokój;dżem
znasz je.;wodecki
Nie oglądaj się wstecz, o nie.;dżem
zobaczyć mógł;dżem
A tak! Ktoś z nich zrobił poduszkę dla córki;wodecki
Zrywam i rzucam precz.;wodecki
W którym się miniemy znów;wodecki
Ty nie płacz, tak;dżem
Choć niby jeszcze w sercach gra;wodecki
Że często w skórę Robinsona chciałbym wejść;wodecki
Szkoda że nie jest tak;dżem
Przegrywa co dzień;dżem
Bujam się od rana do wieczora;dżem
Się trzyma wiersz pod parą,;wodecki
schodzi zwiedzać świat;wodecki
I bardzo cienki, długi warkoczyk;wodecki
Daj jedną szansę mi;dżem
Blues Albama tak go zwał.;dżem
Chłop z wiosną chce na wojnę,;wodecki
Będę święty za lat parę;dżem
Blues Alabama, Alabama;dżem
Tak trudno wtedy mi uwierzyć;dżem
Choć może głupio to brzmi,;dżem
Przemierzać bosą stopą Ziemię wzdłuż i wszerz;wodecki
Nie słuchać tego zgiełku, którym miasto wrze;wodecki
Zamkniętych dni;wodecki
Żona zostawiła mnie;dżem
Gdy już pusty jest;wodecki
Kto na ślubnym kobiercu stanie,;wodecki
Aż do znudzenia snuję Ci;wodecki
Zastanów się, czego;dżem
Daj mi szansę chociaż raz;dżem
bierze parasol i okulary;wodecki
Gdy kopniakami wymierzał karę za Twój grzech.;dżem
Śpij, nocą śnij;dżem
Jesteś dla mnie tak daleka;dżem
Kto?;dżem
Bo w maju tak mnie bierze,;wodecki
Dlaczego uciekasz jak złodziej;wodecki
Krzykliwe miasto męczy wprost i drażni mnie;wodecki
Joba mam na punkcie kart;dżem
Że nic nie kończy się;wodecki
Magiczna droga 66;dżem
a u żłobka Matka Święta;wodecki
Mogły wracać do swych starych gniazd;wodecki
Diabli mi zrobili żart;dżem
słoneczny blask;wodecki
Daj mi chleba z dżemem;dżem
(Przemierzać wszerz);wodecki
Nie, nie wierzysz, że;dżem
Biorą namiar na plażę;wodecki
szare są i kolorowe;dżem
a jego płyty pokrywa kurz.;wodecki
Po co nam deszcz? -;wodecki
Opatrunek z gipsu,;wodecki
Nie kosztuje cię nic;dżem
zielone myśli Twe;dżem
Porywa spokój;dżem
Mała;dżem
miałem własną żonę i dom;dżem
przecież kocham Cię.;wodecki
W koronach sypiać drzew (w koronach sypiać drzew);wodecki
A przecież cyrk ciągle trwa, wciąż się gra;wodecki
Ja wzruszam się,;wodecki
A być może, gdy zobaczysz właśnie je;dżem
Prosty cel;dżem
bo chodzisz za mną jak,;dżem
Trudno zdusić ją,;dżem
Chociaż raz, jeden raz;dżem
Cała na biało - nic nie wystawało;wodecki
A co ta poduszka? Ano ta poduszka;wodecki
Niech zły sen Cię nigdy więcej nie obudzi;dżem
to nie jest grzech,;dżem
Potem z tobą na trawę;dżem
i forsy brak;dżem
Robią wszystkich w bambusa;wodecki
Że stracisz wiarę, gdy;wodecki
Nikt nas brawami nie nagradza nikt;wodecki
Wspomnienia paru miejsc.;dżem
Gdyby wciąż pustymi ulicami;wodecki
13-piątek, kot i lustro;wodecki
Nikt nas brawami nie nagradza nikt;wodecki
Zwykły błąd;wodecki
który to odwyk, sam nie wiem, nie;dżem
odkupienie win.;wodecki
jak go nazwali Murzyn Joe;dżem
Śmiejesz się znów;dżem
jak mocno ja kocham Cię, Cię;dżem
Zaczęło się ot tak;dżem
To było wiosną, byłem tam;dżem
Dookoła ludzi szum;dżem
Pech zmieniłaś w miód i śmiech;wodecki
Potrzebujesz - mnie.;wodecki
Nawet - gdy robię źle,;wodecki
Nasze szczęście w nas;wodecki
złamać strach, złamać wstyd!;dżem
Czemu zwiastujesz rozstania;wodecki
Naburmuszył, zniknął gniew;wodecki
Przyszła do nas, gdy nie było nic;wodecki
Jakbym gęganiem budził Rzym;wodecki
Sobie na złość;dżem
Zaklinają deszcz.;wodecki
już słońca brzask;wodecki
Niech gra w twoim uchu i gdy myśl zamroczy,;wodecki
Mam przecież na papierze;wodecki
Ani dużo ani mało;dżem
śmiać się czy grać..śmiać się czy grać..;dżem
Gdzie ten cel???;dżem
Nasz ląd i nasz dom;wodecki
Byłem cieniem;dżem
Gdyby wciąż pustymi ulicami;wodecki
Milcząco, bezpowrotnie;wodecki
z czym tylu ludzi przegrywa co dzień;dżem
Idź zawsze do przodu,;dżem
Choć figowy liść.;wodecki
A ty;dżem
Więc cóż, że już zmierzch;wodecki
Drobnych parę zranień,;wodecki
Kto choć jeden kupi dziś?;dżem
Przeważnie nie grypsuje.;dżem
Noc, mgła;dżem
Nosiła dźwięczne imię - Imogena.;wodecki
Chwytaj dzień!;wodecki
Dobry sprzyja wiatr;wodecki
Że drzemie we mnie zwierzę;wodecki
Od życia chcieć;dżem
Tego czym w życiu, życie się słodzi;dżem
Aby sobą być, prawdzie patrzeć w twarz,;dżem
gdy milczą, milcz;wodecki
i rozumiesz.;wodecki
Czerwony Kapturek, radosny Kapturek...;wodecki
Dlaczego nocą krzyk podrywa z łóżka mnie;dżem
Nie, nie wierzysz, że;dżem
Pomyślcie chłopcy, co nam zostało;dżem
Czemu zwiastujesz rozstania;wodecki
Może słońcu było wstyd, a noc głęboka jak bas;wodecki
I teraz już każdy zna;wodecki
Wszystko to, czego chcesz;dżem
I że dobrze było mi z nią.;dżem
Żegluga bez celu;wodecki
Nadziei aortą;wodecki
Wymazywałem z głowy;dżem
aby sobą być;dżem
Joba mam na punkcie kart;dżem
Czary;wodecki
Bo przecież nie wiesz,;dżem
A być może, gdy zobaczysz je;dżem
Cały ten świat nie znaczy nic a nic...;dżem
Wreszcie otworzył, stanął tak i patrzy...;wodecki
do słonka i do chmurek;wodecki
Milcząco, bezpowrotnie;wodecki
By powiedzieć, że wiesz;wodecki
i patrz.;wodecki
[Solo na trąbce];wodecki
abym mógł przed siebie iść;dżem
Jakiś grosz przydałby się, przyjaciół zabrać gdzieś;dżem
zbudź się;wodecki
Kiedyś wyrwę się stąd zostawię to;dżem
Dobrze wiem o tym, lecz;wodecki
Chociaż kocham Cię, wszystko nie tak.;dżem
Basia, Basia, Basia, Basia, Basia, Basia, Baś...;wodecki
Aż do jesieni;wodecki
Nocą, jak biała dama, wstaje mgła;wodecki
Bo przecież serce kwili, jak młody złodziej;wodecki
W poprzek, wszerz i wzdłuż;dżem
Kiedy kochasz;dżem
Znajduję wreszcie budkę gdzieś,;dżem
ale nie jest źle o nie;dżem
Blues Alabama, Alabama;dżem
Jutro odważę się ten pierwszy raz.;dżem
Na drodze życia 66?;dżem
Będę miał własny dom;dżem
Siedziałem na kocu już przy wiolonczeli;wodecki
i najlepiej wie;wodecki
Nie szukałem zemsty w niebie.;dżem
Trudno mi się zgodzić z tym;wodecki
Się trzyma wiersz pod parą,;wodecki
To tu normalka - ktoś pociesza mnie;dżem
trzymaj się w życiu tego, co nietrwałe,;wodecki
Że to już dym;wodecki
gdzieś tam po czwartej pustej butelce;dżem
Wciąż się gra;wodecki
To wszystko jakieś czary;wodecki
Ulic mrok, place też;wodecki
Nawet powiedział jej ten straszny człowiek;wodecki
Na trawę położyć się;dżem
Nie wiem jak mam to zrobić, ona zawstydza mnie,;dżem
Rok, rok, rok;dżem
Tam żeglugi kres;wodecki
No i wódy czasem brak;dżem
Spod gór;wodecki
Czerwony Kapturek, wesoły Kapturek;wodecki
Czasie, dlaczego odchodzisz;wodecki
Bo nie mogła tego znieść;dżem
Śmiać się czy płakać, śmiać się czy grać;dżem
Zanim opuszczą nas ptaki;wodecki
Przez wieś przebiegł dreszcz;wodecki
Reszta jest milczeniem;dżem
Czy kiedyś znowu spotkam Ciebie;dżem
A przecież cyrk ciągle trwa.;wodecki
Jesteśmy jak zimą cyrk;wodecki
Teraz okaż dzielność swą!;wodecki
Kwiaty i wnuki;wodecki
W którym się miniemy znów;wodecki
miłości twej, miłości pragnąc twej!;wodecki
Boże daj dom, Boże daj dom,;dżem
Paryż, ani Praha Zlata, żadne skarby świata i wszechświata też;wodecki
Brak, brak, brak;dżem
Nie zobaczą nawet kiedy jest już źle.;dżem
Pech zmieniłaś w miód i śmiech/;wodecki
Zawsze idź za głosem serca,;wodecki
Nawet marzenia o uśmiechu Mona Lisy;wodecki
Chwila, która trwa;dżem
(W skórę Robinsona wejść);wodecki
Radosny głowy skłon;wodecki
Daj mi chleba z dżemem;dżem
chwyć w dzielną dłoń groźną swą broń!;wodecki
życie mi zbrzydło z zepsutą igłą,;wodecki
Zawsze będę żył już tak!;dżem
Nie mogę tak odejść, gdy kusi mnie grzech,;dżem
śnić z Tobą Twoje sny;dżem
Dawno już zabrali mi;dżem
I niegdyś słynny duet dusz;wodecki
Nie wiem sam, odwagi mi brak,;dżem
Aż przechodzi dreszcz! (dreszcz);wodecki
Chwytaj dzień!;wodecki
Byłem cieniem;dżem
Wzrostu pół metra, duże czarne oczy;wodecki
Przez długi nawet czas nie słyszeć nic (nie słyszeć nic);wodecki
jednak ze swej listy nie skreślaj proszę mnie;dżem
dzieci będzie miał moc,;wodecki
dzieci będzie miał moc,;wodecki
A zaczniesz na nowo żyć.;dżem
Kto wie?;dżem
Wciąż pod wiatr;wodecki
Żyjcie w zgodzie z ptakami.;dżem
Zupełnie nic;dżem
tak by znaleźć swój rytm.;wodecki
A czy się znalazły trzy piórka przepiórki?;wodecki
(Tak drażni mnie);wodecki
a moje serce dławił cień;dżem
To naiwność, to błąd;wodecki
Podali w radiu, Krysiu;wodecki
No kto choć jeden kupi dziś ( kto...);dżem
Ona duszyczkę miała romantyczną;wodecki
Zwykły uśmiech, ludzki gest,;dżem
z całej siły go łap!;wodecki
I nie znam też nikogo tu,;dżem
Kocham Cię, już wiem;dżem
I nie wypaść ze swej roli, tego co pierwszy raz,;dżem
Gdy śpiewam ten kuplecik,;wodecki
Jak na jakichś Bermudach;wodecki
I lunął straszny deszcz.;dżem
Ja tobie dzisiaj na złość;dżem
Trochę piekła, trochę nieba;dżem
Choć tak łatwo zejść...;dżem
Ciepły wiatr i łąki w kwiatach, nić babiego lata, świerszczy wielki chór,;wodecki
Hej Alabama...;dżem
Słodki że daj na luz;dżem
Nie oszczędzaj sił;dżem
Na ulicy setki aut i krzyk.;dżem
No i wódy wódy brak.;dżem
Chałupy welcome to sun of Yamaica blues;wodecki
Kocham Cie, już wiem;dżem
La la la, la la la la la la la la;wodecki
Chcą opalać sztruks;wodecki
Że kominiarzy jutro zlot;wodecki
Dama pik i dama kier;dżem
Nie mam wielu zalet, nie mam wielu wad;dżem
To jedno z okamgnień;wodecki
Pośród trawy;wodecki
Odpalam szybko swą maszynę;dżem
Daj mi chleba z dżemem;dżem
sam wiesz, jak gra,;wodecki
Puste kieszenie i torba pełna snów;dżem
Uwielbiam kobiety i kocham muzykę;wodecki
Zbyt wiele bólu doznał, za dużo wylał łez;dżem
I wtedy ja poprostu wiem;dżem
Dobranoc! - Pozwól lica. Chcesz na sługi klasnąć?;wodecki
Uśmiecha się cały czas;wodecki
Jak forsę masz, jak forsę masz,;dżem
Gdzie dopalą się do końca;wodecki
więc na czym grać mam ten włoski standard?;wodecki
Ani dużo ani mało;dżem
nie wiedząc o tym, nie;dżem
Tak to Twój ojciec...;dżem
Pech zmieniłaś w miód i śmiech;wodecki
Głuche milczenie, wtem na arenie;wodecki
Bowiem tak to jest;wodecki
A w oczach pojawił się strach.;dżem
I jedna z wiernych dwóch dusz;wodecki
Nie mam wielu zalet, nie mam wielu wad;dżem
Czas do przodu ciągle gna;dżem
Choć przestrzegał: Zgnoją Cię!;dżem
Chwytaj dzień,;wodecki
Znajdziesz słabość swą i marzenia blask;dżem
Coraz bliżej brzeg;wodecki
No, Jeszcze jeden, jeden raz!;dżem
zbudź się;wodecki
Coraz bliżej brzeg;wodecki
Bliskość dna;wodecki
Odejść chcę, bo naprawdę siły;dżem
już noc;wodecki
I żaden klucz, i żaden klucz;dżem
Czas do przodu ciągle gna;dżem
Dzikość w moim sercu,;dżem
Saraceński to miecz!;wodecki
Nakładasz lat makijaż;wodecki
Już powolutku nakręcam się;dżem
Niech anioł snu modrymi skrzydły cię otoczy,;wodecki
Jeszcze wczoraj;dżem
bujam się i broda rośnie mi;dżem
Czary mary stał się cud;wodecki
Jeździ się po to żeby żyć...;dżem
Żaden by tego nie zrobił fachowiec;wodecki
Idź własną drogą;dżem
W szalonym tempie trzeba żyć;dżem
nie pożądaj zła,;wodecki
W szalonym tempie trzeba żyć!;dżem
Dołem błądzi Jaś i Małgosia;wodecki
Z moją mamą wypić kawę;dżem
Rogów cios i koń zraniony;wodecki
Że nie obrósł jakoś ciałem mit;wodecki
Wylałem morze łez.;dżem
Zdejmuję spodnie z rypsu,;wodecki
No kto wie?;dżem
No bo puste mam kieszenie,;dżem
Prawie nic;dżem
Chwytaj dzień,;wodecki
Kiedyś coś, coś we mnie pęknie;dżem
ich słuchać racz,;wodecki
Czary mary stał się cud;wodecki
Grymas ust i twój zimny wzrok;dżem
Ten dzisiejszy - to nie ja;wodecki
Do zamka nie pasuje, nie pasuje.;dżem
jedno słowo, a tyle mieści się;dżem
Lecz kiedy w mieście czasem mija, ja...;wodecki
Ojciec jak z żurnala mód.;dżem
Więc powiem ci;dżem
Siejąc smutek i zwątpienie;dżem
Słodkie ananasy, ani mgła najcieńszych tkanin, wachlarz strusich piór,;wodecki
że w tym właśnie sens 2x;dżem
To jedno z okamgnień;wodecki
Wtedy krzyknął ktoś;dżem
I pod narkozą nieba pięknie, lekko trwaj i trwaj!;wodecki
Chałupy welcome to!;wodecki
jak mocno kocham Cię;dżem
Nie wiem jak to się stało, ona chyba już śpi,;dżem
My, piechota Pana Boga;wodecki
Dlaczego uciekasz jak złodziej;wodecki
a prawą rozbił lustro;wodecki
I nie jeden przegnał, lecz (nie);dżem
Już widać go stąd;wodecki
gdy powiedziałem jej, że;dżem
chodzisz za mną jak cień.;dżem
aby czuć życia smak.;wodecki
Nakładasz lat makijaż;wodecki
a jednak czegoś nam żal, czegoś nam żal;dżem
jak mocno ja;dżem
Co kto robi jego rzecz.;dżem
Przejdzie im ten luz?;wodecki
Tobie też, tobie też;wodecki
zrozumiałem,że;dżem
Bo przecież nie wiesz,;dżem
Cały ten świat nie znaczy nic a nic...;dżem
Jej czerń nagle odmieniła;dżem
Dlaczego uciekasz jak złodziej;wodecki
I znów pada deszcz (pada deszcz);wodecki
A więc jesień, którą tak lubisz, naprawdę się zbliża;wodecki
Kiedyś przez droge;dżem
zimno mi..zimno mi;dżem
niesie dziś całemu światu;wodecki
Chciałby żyć inaczej chciałby być nawet sam.;dżem
Blues Alabama, Alabama;dżem
Dotąd - stąd;wodecki
Słodki że daje na luz;dżem
Jesteśmy jak zimą cyrk;wodecki
I śmiech był niejeden raz;dżem
Może sadzić kaktusy;wodecki
Najwyżej tylko nagle zmienia strój;wodecki
Już nie do śmiechu nam;wodecki
Masz niby rodzinę, niby wszystko gra.;dżem
Bo, sami widzicie, nie jestem już smykiem;wodecki
Pomnij, że piękne dziewczę w chwili tej;wodecki
Że nic nie kończy się;wodecki
Górą wiatr będzie wiał;wodecki
Mam przecież na papierze;wodecki
Pytasz mnie, jak powstrzymać ten czas?;wodecki
Powoli szli.;wodecki
Albo być, albo mieć;dżem
Pewnie ciężki znów będzie dzień,;dżem
Zdejmuję spodnie z rypsu,;wodecki
Pan wielkiego majestatu;wodecki
Nie spiesz się w ten słoneczny dzień, Ty wiesz:;dżem
W nasz październik;wodecki
Czemu zwiastujesz rozstania;wodecki
Z naiwności w oczach chłopca;dżem
ubrana w sukienkę z mgły;dżem
tak jak Bóg nam dał;dżem
Blizny - od kilku dam.;wodecki
Stary las zbyt czarny w bieli;wodecki
rosa też być może, zmierzch i pierwsze zorze, kalejdoskop chmur...;wodecki
Albo snem, jeśli tak chcesz;wodecki
Nosiłem w sobie gniew.;dżem
I na dobre, na złe;wodecki
W górę spójrz do gwiazd;wodecki
żeby wyrazić to, co czuję;dżem
W starych dziuplach magnificat;wodecki
Powiedz mi, czy to zbyt wiele,;dżem
twój wstaje świt,;wodecki
Niech obraz mój się sennym źrenicom przymili.;wodecki
Jak mam Ci o tym opowiedzieć;dżem
zerwałem z tym niepotrzebnym snem;dżem
Czary mary, stał się cud!;wodecki
Wszystko to, czego chcesz...;dżem
„Ach, brawo!” – krzyczy tłum podniecony,;wodecki
Siedzę znów sam, tak potwornie sam,;dżem
Buty, pięści, pas,;dżem
Nasze słońca;wodecki
Gdzie tkwi błąd;wodecki
Nakładasz lat makijaż;wodecki
Nieudało się - wszystko nie tak.;dżem
Zawsze cię za rękę trzyma;dżem
aaaaaaaaaaaaa...;wodecki
Chałupy welcome to!;wodecki
Nikt już nie, nie namówi mnie,;dżem
Śnieg jak młodej panny tren;wodecki
W miałkim piasku zapomnienia;wodecki
Bo kochać bez złudzeń;wodecki
Jutro będzie tak jak dziś;dżem
Ma piove, piove sul nostro amor;wodecki
Byłem tego świata marnym szczurem;dżem
Muszę mieć, muszę ją mieć,;dżem
No i wódy czasem brak.;dżem
często tu siedział, obrazy sprzedać chciał;dżem
Którzy chcą je mieć;dżem
Dzisiaj - kto wie,;wodecki
Przygasają jakby coraz częściej już;wodecki
na piasku leży, razem z nim pikador padł.;wodecki
I gdzie indziej też!;wodecki
Chałupy welcome to!;wodecki
I aż do samych pięt w niej ukryć się (w niej ukryć się);wodecki
Jak innych sto;dżem
Już widać go stąd;wodecki
Dadzą Ci kawałek kiedy tylko chcesz.;dżem
Dziś mówię: mnie się nie chce,;wodecki
A jeszcze mam nadziei cień,;dżem
Spod gór;wodecki
No nie wiesz, co...;dżem
niech śpiewa ptak,;wodecki
Sam sobą się, sam sobą się pokochaj,;dżem
Tam tylko sny są erotyczne, erotyczne.;dżem
A Ty mówisz: siwy dym;wodecki
Opowie ci kto? Poduszka!;wodecki
Nie wierzył ludziom i sobie chyba też;dżem
mijali drzwi.;wodecki
nawet nie wiesz jak,;dżem
Zawsze będę żył już tak!;dżem
jedno słowo, cichy szept;dżem
Z tobą jest;wodecki
Głód i chłód obudziły mnie.;dżem
Nie byłoby się o co bać;dżem
To w farszu rydz;wodecki
Nigdy nie jest tak źle;wodecki
Czary mary stał się cud;wodecki
Jesteśmy jak zimą cyrk;wodecki
Tyle dni, tyle lat była w nas;wodecki
Czemu zwiastujesz rozstania;wodecki
To wszystko nie do wiary;wodecki
gdzieś w ciemności swiatło;dżem
Kto wie?;dżem
czuję każdy nerw, bicie Twego serca,;dżem
rzuci cień.;wodecki
Jak lód na Twojej twarzy.;dżem
Na plaży tłum dziewczyn jak w mrowisku mrówek;wodecki
Niepotrzebny nam ubaw;wodecki
Daję Wam ogień, podajcie sobie ręce;dżem
Gdzie teraz białą farbą maluje wieczny czas;dżem
Polish Barbados i Galapagos;wodecki
Gubiąc gdzieś po drodze prawdę swą i sens;dżem
Choć tak łatwo zejść na psy!;dżem
Mój koncert skrzypcowy mistrzowsko się udał;wodecki
Dobranoc ci przez klamkę - niestety! zamknięta!;wodecki
Nawet we śnie w karty gram;dżem
Czasie, dlaczego mijasz;wodecki
To śmieszny wic;wodecki
I słowa nasze milczkiem uciekają pamięci;wodecki
Jak na deszczu łza;dżem
choć tyle wzruszeń dawałeś mi,;wodecki
Boże daj mu dom, cichy kąt,;dżem
Gdy znów braknie słów;wodecki
Chałupy welcome to!;wodecki
(Dogłębnie);wodecki
Nic nie myślę;dżem
Jesteś cała w trawie,;dżem
Najwyżej tylko nagle zmienia strój;wodecki
Nie, nie wierzysz że;dżem
Przed nami nasz świat;wodecki
Byłem cieniem;dżem
Że wciąż pada deszcz;wodecki
Dobranoc! obróć na mnie raz jeszcze oczęta,;wodecki
zna jak oni;wodecki
lecz nie wymyślił nikt;dżem
Czerwony jak cegła, rozgrzany jak piec,;dżem
W jesiennej szarudze;wodecki
im szczęścia życz,;wodecki
Bo żona Twa, jeśli Ją masz,;dżem
I naprawdę wtedy klęknę;dżem
Jeszcze dokoła słychać Twój śmiech,;dżem
Ciao, amore, ciao!!!;wodecki
Na trawę bym się kładł;dżem
Z moją mamą piłbym kawę;dżem
I uśmiechaj się do ludzi;dżem
myśli przybywa, wyrzuty też;dżem
Każdy jej schodził z drogi i to szybko;wodecki
Dzikość w moim sercu,;dżem
nie śnią mi się w nocy.;wodecki
Słodki że daj na luz;dżem
No nie wiesz, co...;dżem
świat wzdłuż i wszerz;wodecki
kochać wszystkich ludzi i pokój sobą nieść 2x;dżem
rzygać się chce;dżem
W krzakach siedzą tekstylni;wodecki
tak jak dawniej;dżem
Przed wiosną, przed wiecznością;wodecki
Pozwalasz nam samotnieć?;wodecki
to serce twe,;wodecki
Potem umarła - ale paczka poszła.;wodecki
Kto mnie zauroczył - wiesz...;wodecki
Ja już nigdy się nie zmienię,;dżem
To wszystko nie do wiary;wodecki
Miłości;wodecki
Polish Barbados i Galapagos;wodecki
Pod koniec stycznia, po krótkiej modlitwie;wodecki
Dlaczego uciekasz jak złodziej;wodecki
I gorzki czaj i gorzki czaj Ci wchodzi.;dżem
Tak niewiele brakowało;dżem
nie pójdę z nią;dżem
i niewinna, o nie;dżem
Dobranoc! Każdej ze mną przemówionej chwili;wodecki
Nim się w nas poruszył lew;wodecki
Między dworcem a kościołem;dżem
Kto popłynie gdzieś na dywanie;wodecki
zawsze będzie dla nas, dla syna, kochana, też.;wodecki
Niech dobry Bóg;dżem
Nie do wiary miał być pech;wodecki
Nasz ląd i nasz dom;wodecki
Zawsze gdzieś spóźniony jestem...;dżem
W życiu najtrudniej;dżem
Będzie tak nie raz;wodecki
Szepcze do uszka...;wodecki
zamiast tak jak inni o gorzki walczyć chleb;dżem
Czasem tak dziwnie gdy patrzysz na mnie;dżem
Może być najlepszą z Twoich chwil...;dżem
Stawali na krótko.;wodecki
Dlatego ranisz mnie;dżem
Dzisiaj jutra nie chcę;dżem
La la la, la la la la la;wodecki
(No wiesz!);wodecki
Było się tu i tam!;wodecki
Muszę mieć, muszę ją mieć.;dżem
Afryka dzika dawno odkryta;wodecki
Ucięła sobie sama własną głowę;wodecki
Chwila, która trwa;dżem
W głęboki sen zapadłaś już,;dżem
Nie widziałeś, a chcesz już iść;dżem
I bardzo często patrzy w kalendarzyk;wodecki
źródła smak.;wodecki
jeszcze jeden cios i zwierzę znów pędzi jak wiatr!;wodecki
Jak twój i mój dom;wodecki
Spraw, że fałszywej grze;wodecki
Ani dużo ani mało;dżem
Jak na plaży w Mombassa;wodecki
Coraz to mniej byłem sobą;dżem
Kolejny rok minął, lipcowej niedzieli;wodecki
